CustomerID,Country
20001,Australia
20002,United Kingdom
20003,United Kingdom
20004,United Kingdom
20005,Spain
20006,United Kingdom
20007,United Kingdom
20008,United Kingdom
20009,United Kingdom
20010,India
20011,France
20012,United Kingdom
20013,United Kingdom
20014,Australia
20015,United Kingdom
20016,Germany
20017,France
20018,United Kingdom
20019,United Kingdom
20020,Spain
20021,United States
20022,United Kingdom
20023,Bangladesh
20024,United Kingdom
20025,Spain
20026,Netherlands
20027,United Kingdom
20028,United Kingdom
20029,Netherlands
20030,United Kingdom
20031,Germany
20032,Netherlands
20033,United Kingdom
20034,EIRE
20035,United Kingdom
20036,United Kingdom
20037,United Kingdom
20038,United Kingdom
20039,United Kingdom
20040,Bangladesh
20041,Germany
20042,United Kingdom
20043,United Kingdom
20044,India
20045,United Kingdom
20046,UAE
20047,United Kingdom
20048,United Kingdom
20049,United States
20050,EIRE
20051,Germany
20052,United Kingdom
20053,Australia
20054,United Kingdom
20055,Bangladesh
20056,United Kingdom
20057,United Kingdom
20058,United Kingdom
20059,India
20060,United Kingdom
20061,Netherlands
20062,France
20063,EIRE
20064,Germany
20065,UAE
20066,United Kingdom
20067,United Kingdom
20068,United Kingdom
20069,United Kingdom
20070,United Kingdom
20071,United States
20072,Belgium
20073,United Kingdom
20074,Germany
20075,United Kingdom
20076,Germany
20077,France
20078,United Kingdom
20079,India
20080,United Kingdom
20081,Germany
20082,France
20083,United Kingdom
20084,United Kingdom
20085,United Kingdom
20086,Spain
20087,Netherlands
20088,EIRE
20089,United Kingdom
20090,United States
20091,Netherlands
20092,Australia
20093,United Kingdom
20094,United States
20095,United Kingdom
20096,United Kingdom
20097,United Kingdom
20098,United Kingdom
20099,United Kingdom
20100,United Kingdom
20101,Germany
20102,United Kingdom
20103,Germany
20104,United Kingdom
20105,France
20106,United Kingdom
20107,United Kingdom
20108,Bangladesh
20109,United Kingdom
20110,Netherlands
20111,France
20112,Germany
20113,United Kingdom
20114,Germany
20115,United Kingdom
20116,Netherlands
20117,India
20118,Belgium
20119,United Kingdom
20120,United Kingdom
20121,United Kingdom
20122,United Kingdom
20123,Germany
20124,Netherlands
20125,United Kingdom
20126,Australia
20127,Netherlands
20128,United Kingdom
20129,Spain
20130,Australia
20131,United Kingdom
20132,Germany
20133,France
20134,Germany
20135,United Kingdom
20136,France
20137,France
20138,Netherlands
20139,Netherlands
20140,United Kingdom
20141,EIRE
20142,Australia
20143,United States
20144,United Kingdom
20145,United Kingdom
20146,France
20147,United Kingdom
20148,Germany
20149,Bangladesh
20150,United Kingdom
20151,United Kingdom
20152,United Kingdom
20153,France
20154,United Kingdom
20155,United Kingdom
20156,United Kingdom
20157,France
20158,Belgium
20159,United Kingdom
20160,United Kingdom
20161,United Kingdom
20162,United Kingdom
20163,United Kingdom
20164,United Kingdom
20165,United Kingdom
20166,United Kingdom
20167,Spain
20168,Germany
20169,United Kingdom
20170,United Kingdom
20171,Spain
20172,United Kingdom
20173,United Kingdom
20174,United Kingdom
20175,United Kingdom
20176,United States
20177,United Kingdom
20178,United Kingdom
20179,Belgium
20180,Germany
20181,United Kingdom
20182,United Kingdom
20183,Australia
20184,United Kingdom
20185,EIRE
20186,United Kingdom
20187,EIRE
20188,Spain
20189,Netherlands
20190,France
20191,United Kingdom
20192,United Kingdom
20193,United Kingdom
20194,Spain
20195,United Kingdom
20196,United Kingdom
20197,United Kingdom
20198,EIRE
20199,United States
20200,United Kingdom
20201,United Kingdom
20202,Netherlands
20203,France
20204,EIRE
20205,Other
20206,Bangladesh
20207,Belgium
20208,Spain
20209,United Kingdom
20210,France
20211,United Kingdom
20212,Spain
20213,Spain
20214,EIRE
20215,United Kingdom
20216,United Kingdom
20217,United Kingdom
20218,United Kingdom
20219,Belgium
20220,United Kingdom
20221,United Kingdom
20222,United Kingdom
20223,EIRE
20224,United Kingdom
20225,Belgium
20226,United States
20227,United Kingdom
20228,United Kingdom
20229,Spain
20230,Other
20231,United Kingdom
20232,EIRE
20233,Netherlands
20234,Bangladesh
20235,United Kingdom
20236,United Kingdom
20237,UAE
20238,United Kingdom
20239,United Kingdom
20240,Germany
20241,United Kingdom
20242,Spain
20243,United Kingdom
20244,United States
20245,United Kingdom
20246,Spain
20247,United Kingdom
20248,United Kingdom
20249,United Kingdom
20250,United Kingdom
20251,United Kingdom
20252,EIRE
20253,United Kingdom
20254,United Kingdom
20255,Other
20256,Australia
20257,United States
20258,United Kingdom
20259,United Kingdom
20260,United Kingdom
20261,United Kingdom
20262,United Kingdom
20263,United Kingdom
20264,United Kingdom
20265,United Kingdom
20266,Australia
20267,United Kingdom
20268,United Kingdom
20269,France
20270,United Kingdom
20271,United Kingdom
20272,United Kingdom
20273,United Kingdom
20274,Germany
20275,United Kingdom
20276,United Kingdom
20277,Netherlands
20278,Australia
20279,United Kingdom
20280,United Kingdom
20281,United Kingdom
20282,UAE
20283,Bangladesh
20284,United Kingdom
20285,India
20286,United Kingdom
20287,United Kingdom
20288,United Kingdom
20289,United States
20290,United Kingdom
20291,United Kingdom
20292,Germany
20293,United Kingdom
20294,United Kingdom
20295,United Kingdom
20296,Australia
20297,Spain
20298,Netherlands
20299,Spain
20300,EIRE
20301,Belgium
20302,France
20303,EIRE
20304,United Kingdom
20305,United Kingdom
20306,Spain
20307,United Kingdom
20308,United States
20309,Germany
20310,United Kingdom
20311,Bangladesh
20312,United Kingdom
20313,United Kingdom
20314,United Kingdom
20315,India
20316,Germany
20317,Netherlands
20318,United Kingdom
20319,Netherlands
20320,EIRE
20321,France
20322,India
20323,United Kingdom
20324,United Kingdom
20325,France
20326,Belgium
20327,United Kingdom
20328,France
20329,United Kingdom
20330,Germany
20331,Spain
20332,United Kingdom
20333,EIRE
20334,United Kingdom
20335,India
20336,United Kingdom
20337,United Kingdom
20338,EIRE
20339,United Kingdom
20340,EIRE
20341,United Kingdom
20342,Germany
20343,Germany
20344,Bangladesh
20345,United Kingdom
20346,United Kingdom
20347,France
20348,Germany
20349,United Kingdom
20350,Germany
20351,United Kingdom
20352,United Kingdom
20353,Australia
20354,United Kingdom
20355,United Kingdom
20356,Spain
20357,EIRE
20358,Germany
20359,Netherlands
20360,United Kingdom
20361,Germany
20362,Netherlands
20363,France
20364,France
20365,United Kingdom
20366,Germany
20367,United Kingdom
20368,EIRE
20369,United Kingdom
20370,United Kingdom
20371,Spain
20372,United Kingdom
20373,United Kingdom
20374,Netherlands
20375,United Kingdom
20376,Belgium
20377,Spain
20378,United Kingdom
20379,EIRE
20380,United Kingdom
20381,United Kingdom
20382,Australia
20383,Germany
20384,Germany
20385,France
20386,France
20387,Germany
20388,United Kingdom
20389,United Kingdom
20390,United Kingdom
20391,United Kingdom
20392,United Kingdom
20393,Other
20394,United Kingdom
20395,United Kingdom
20396,United Kingdom
20397,Germany
20398,Bangladesh
20399,Australia
20400,United Kingdom
20401,United Kingdom
20402,Australia
20403,United Kingdom
20404,France
20405,United Kingdom
20406,Australia
20407,United Kingdom
20408,United Kingdom
20409,United Kingdom
20410,United Kingdom
20411,Netherlands
20412,Netherlands
20413,United Kingdom
20414,Spain
20415,United Kingdom
20416,United Kingdom
20417,United Kingdom
20418,United Kingdom
20419,United Kingdom
20420,EIRE
20421,Spain
20422,United Kingdom
20423,EIRE
20424,Netherlands
20425,United Kingdom
20426,United Kingdom
20427,France
20428,United Kingdom
20429,France
20430,United Kingdom
20431,France
20432,United Kingdom
20433,United Kingdom
20434,United Kingdom
20435,France
20436,United Kingdom
20437,India
20438,United Kingdom
20439,United Kingdom
20440,United Kingdom
20441,United Kingdom
20442,United Kingdom
20443,Spain
20444,EIRE
20445,United Kingdom
20446,United Kingdom
20447,United Kingdom
20448,Spain
20449,United Kingdom
20450,Bangladesh
20451,France
20452,Germany
20453,Spain
20454,Spain
20455,United Kingdom
20456,United Kingdom
20457,United Kingdom
20458,United Kingdom
20459,United Kingdom
20460,United Kingdom
20461,France
20462,United Kingdom
20463,United Kingdom
20464,United Kingdom
20465,United Kingdom
20466,India
20467,United Kingdom
20468,United Kingdom
20469,United Kingdom
20470,United Kingdom
20471,United Kingdom
20472,United Kingdom
20473,United Kingdom
20474,United Kingdom
20475,Netherlands
20476,United Kingdom
20477,Germany
20478,United Kingdom
20479,United Kingdom
20480,Netherlands
20481,United Kingdom
20482,Bangladesh
20483,United States
20484,France
20485,United Kingdom
20486,France
20487,Germany
20488,Spain
20489,United Kingdom
20490,India
20491,Australia
20492,United Kingdom
20493,United Kingdom
20494,United Kingdom
20495,Belgium
20496,United States
20497,UAE
20498,Germany
20499,France
20500,France
20501,Germany
20502,India
20503,Germany
20504,United Kingdom
20505,United Kingdom
20506,United Kingdom
20507,EIRE
20508,France
20509,United Kingdom
20510,Belgium
20511,Spain
20512,United Kingdom
20513,United Kingdom
20514,United Kingdom
20515,United Kingdom
20516,United Kingdom
20517,United Kingdom
20518,Bangladesh
20519,United Kingdom
20520,United States
20521,France
20522,Belgium
20523,United Kingdom
20524,United Kingdom
20525,Spain
20526,United Kingdom
20527,United Kingdom
20528,Netherlands
20529,France
20530,United Kingdom
20531,United Kingdom
20532,Bangladesh
20533,United Kingdom
20534,EIRE
20535,United Kingdom
20536,Netherlands
20537,United Kingdom
20538,United Kingdom
20539,United Kingdom
20540,Germany
20541,Belgium
20542,United Kingdom
20543,United Kingdom
20544,Spain
20545,Germany
20546,United Kingdom
20547,Germany
20548,United Kingdom
20549,Australia
20550,United Kingdom
20551,Spain
20552,France
20553,EIRE
20554,United Kingdom
20555,EIRE
20556,France
20557,United Kingdom
20558,United Kingdom
20559,India
20560,EIRE
20561,United Kingdom
20562,EIRE
20563,United Kingdom
20564,United Kingdom
20565,Belgium
20566,United Kingdom
20567,United Kingdom
20568,United Kingdom
20569,United Kingdom
20570,United Kingdom
20571,United Kingdom
20572,United Kingdom
20573,United Kingdom
20574,United Kingdom
20575,United Kingdom
20576,EIRE
20577,Bangladesh
20578,United Kingdom
20579,Germany
20580,United Kingdom
20581,United Kingdom
20582,United Kingdom
20583,Australia
20584,United Kingdom
20585,Netherlands
20586,United Kingdom
20587,Germany
20588,Australia
20589,Australia
20590,United Kingdom
20591,United Kingdom
20592,United Kingdom
20593,Spain
20594,United Kingdom
20595,United Kingdom
20596,Netherlands
20597,United Kingdom
20598,United Kingdom
20599,India
20600,United Kingdom
20601,United Kingdom
20602,United Kingdom
20603,United Kingdom
20604,United Kingdom
20605,Germany
20606,India
20607,Germany
20608,France
20609,United Kingdom
20610,Germany
20611,Spain
20612,Germany
20613,Netherlands
20614,Germany
20615,United Kingdom
20616,Germany
20617,United Kingdom
20618,United Kingdom
20619,Germany
20620,Netherlands
20621,United Kingdom
20622,United Kingdom
20623,EIRE
20624,United Kingdom
20625,United Kingdom
20626,United Kingdom
20627,United Kingdom
20628,France
20629,Germany
20630,United Kingdom
20631,Netherlands
20632,Bangladesh
20633,United Kingdom
20634,United Kingdom
20635,United Kingdom
20636,Belgium
20637,United States
20638,United Kingdom
20639,United Kingdom
20640,United Kingdom
20641,United Kingdom
20642,Bangladesh
20643,United Kingdom
20644,United Kingdom
20645,United Kingdom
20646,United Kingdom
20647,EIRE
20648,United Kingdom
20649,United Kingdom
20650,United Kingdom
20651,UAE
20652,Spain
20653,United Kingdom
20654,Netherlands
20655,United Kingdom
20656,Spain
20657,United Kingdom
20658,Australia
20659,United Kingdom
20660,United Kingdom
20661,France
20662,United Kingdom
20663,United Kingdom
20664,United Kingdom
20665,United Kingdom
20666,United Kingdom
20667,United Kingdom
20668,United Kingdom
20669,United Kingdom
20670,United Kingdom
20671,Germany
20672,United Kingdom
20673,United Kingdom
20674,United Kingdom
20675,Spain
20676,United Kingdom
20677,United Kingdom
20678,Spain
20679,United Kingdom
20680,Australia
20681,United States
20682,United Kingdom
20683,EIRE
20684,United Kingdom
20685,United Kingdom
20686,United Kingdom
20687,Germany
20688,Bangladesh
20689,United Kingdom
20690,EIRE
20691,United Kingdom
20692,United Kingdom
20693,UAE
20694,France
20695,United Kingdom
20696,United States
20697,United Kingdom
20698,United Kingdom
20699,United Kingdom
20700,Bangladesh
20701,United Kingdom
20702,United States
20703,Germany
20704,United Kingdom
20705,Germany
20706,United Kingdom
20707,Germany
20708,EIRE
20709,France
20710,Other
20711,United Kingdom
20712,Netherlands
20713,United Kingdom
20714,Spain
20715,United States
20716,Other
20717,United Kingdom
20718,United Kingdom
20719,Bangladesh
20720,Bangladesh
20721,United Kingdom
20722,Bangladesh
20723,United Kingdom
20724,United Kingdom
20725,Spain
20726,United Kingdom
20727,United Kingdom
20728,United Kingdom
20729,United Kingdom
20730,United Kingdom
20731,United Kingdom
20732,Spain
20733,Germany
20734,France
20735,Netherlands
20736,United Kingdom
20737,United Kingdom
20738,United Kingdom
20739,United Kingdom
20740,Spain
20741,United Kingdom
20742,United Kingdom
20743,France
20744,United Kingdom
20745,United Kingdom
20746,France
20747,Spain
20748,United Kingdom
20749,France
20750,United Kingdom
20751,United Kingdom
20752,Germany
20753,United Kingdom
20754,United Kingdom
20755,Germany
20756,Germany
20757,United Kingdom
20758,EIRE
20759,United Kingdom
20760,India
20761,United Kingdom
20762,United Kingdom
20763,United Kingdom
20764,Other
20765,United Kingdom
20766,Germany
20767,Other
20768,India
20769,United Kingdom
20770,United Kingdom
20771,Germany
20772,EIRE
20773,United Kingdom
20774,United Kingdom
20775,United Kingdom
20776,United Kingdom
20777,Germany
20778,United Kingdom
20779,United Kingdom
20780,United Kingdom
20781,United Kingdom
20782,United Kingdom
20783,Bangladesh
20784,United Kingdom
20785,United Kingdom
20786,EIRE
20787,United Kingdom
20788,United Kingdom
20789,India
20790,United States
20791,France
20792,United Kingdom
20793,United Kingdom
20794,United Kingdom
20795,United Kingdom
20796,United Kingdom
20797,United Kingdom
20798,France
20799,United Kingdom
20800,United Kingdom
20801,United States
20802,United Kingdom
20803,United Kingdom
20804,United Kingdom
20805,Netherlands
20806,France
20807,United Kingdom
20808,Germany
20809,United Kingdom
20810,United Kingdom
20811,Germany
20812,India
20813,Netherlands
20814,France
20815,United Kingdom
20816,United Kingdom
20817,United States
20818,United Kingdom
20819,United Kingdom
20820,France
20821,Netherlands
20822,Spain
20823,United Kingdom
20824,United Kingdom
20825,United Kingdom
20826,Belgium
20827,UAE
20828,United Kingdom
20829,Australia
20830,United Kingdom
20831,United Kingdom
20832,United Kingdom
20833,United Kingdom
20834,United Kingdom
20835,United Kingdom
20836,EIRE
20837,United Kingdom
20838,Australia
20839,United States
20840,United Kingdom
20841,United Kingdom
20842,Bangladesh
20843,United Kingdom
20844,United Kingdom
20845,United Kingdom
20846,Other
20847,Germany
20848,United Kingdom
20849,United Kingdom
20850,United Kingdom
20851,United Kingdom
20852,India
20853,Bangladesh
20854,United Kingdom
20855,United Kingdom
20856,United Kingdom
20857,Belgium
20858,Germany
20859,EIRE
20860,Germany
20861,United Kingdom
20862,Netherlands
20863,United Kingdom
20864,France
20865,United Kingdom
20866,United Kingdom
20867,UAE
20868,United Kingdom
20869,United Kingdom
20870,United Kingdom
20871,France
20872,United Kingdom
20873,United Kingdom
20874,United Kingdom
20875,United Kingdom
20876,United Kingdom
20877,United Kingdom
20878,United Kingdom
20879,France
20880,United Kingdom
20881,United States
20882,India
20883,United Kingdom
20884,United Kingdom
20885,Belgium
20886,United Kingdom
20887,Netherlands
20888,United Kingdom
20889,EIRE
20890,United Kingdom
20891,Germany
20892,Bangladesh
20893,United Kingdom
20894,Netherlands
20895,United Kingdom
20896,United Kingdom
20897,United Kingdom
20898,United Kingdom
20899,United Kingdom
20900,Germany
20901,United Kingdom
20902,France
20903,India
20904,UAE
20905,Australia
20906,Netherlands
20907,United Kingdom
20908,UAE
20909,United Kingdom
20910,Australia
20911,Australia
20912,Germany
20913,United Kingdom
20914,United Kingdom
20915,United Kingdom
20916,United Kingdom
20917,United Kingdom
20918,United Kingdom
20919,Netherlands
20920,Bangladesh
20921,United Kingdom
20922,United Kingdom
20923,United Kingdom
20924,United Kingdom
20925,United Kingdom
20926,Germany
20927,United Kingdom
20928,United Kingdom
20929,United Kingdom
20930,France
20931,United Kingdom
20932,United Kingdom
20933,United Kingdom
20934,United States
20935,United Kingdom
20936,EIRE
20937,United Kingdom
20938,United States
20939,United Kingdom
20940,United Kingdom
20941,Australia
20942,France
20943,United Kingdom
20944,United Kingdom
20945,Other
20946,United Kingdom
20947,United Kingdom
20948,India
20949,United Kingdom
20950,United Kingdom
20951,United Kingdom
20952,United Kingdom
20953,United Kingdom
20954,Germany
20955,United Kingdom
20956,United Kingdom
20957,Netherlands
20958,Netherlands
20959,Germany
20960,United Kingdom
20961,United Kingdom
20962,Germany
20963,United Kingdom
20964,Australia
20965,United Kingdom
20966,United Kingdom
20967,United Kingdom
20968,Germany
20969,Spain
20970,EIRE
20971,United Kingdom
20972,Other
20973,EIRE
20974,United Kingdom
20975,United Kingdom
20976,Spain
20977,United Kingdom
20978,France
20979,EIRE
20980,United Kingdom
20981,Australia
20982,United Kingdom
20983,United Kingdom
20984,United Kingdom
20985,United States
20986,United Kingdom
20987,France
20988,United Kingdom
20989,Bangladesh
20990,Bangladesh
20991,United Kingdom
20992,Other
20993,Germany
20994,United Kingdom
20995,United Kingdom
20996,United Kingdom
20997,United Kingdom
20998,United Kingdom
20999,United Kingdom
21000,United Kingdom
21001,Germany
21002,Netherlands
21003,Bangladesh
21004,United Kingdom
21005,Germany
21006,United Kingdom
21007,United Kingdom
21008,India
21009,United Kingdom
21010,Australia
21011,France
21012,United Kingdom
21013,Spain
21014,United Kingdom
21015,United States
21016,United Kingdom
21017,United Kingdom
21018,Spain
21019,United Kingdom
21020,United Kingdom
21021,United Kingdom
21022,United Kingdom
21023,United Kingdom
21024,EIRE
21025,Belgium
21026,United Kingdom
21027,Germany
21028,UAE
21029,United Kingdom
21030,Spain
21031,United Kingdom
21032,Australia
21033,Germany
21034,Australia
21035,Spain
21036,Australia
21037,United Kingdom
21038,EIRE
21039,United Kingdom
21040,United Kingdom
21041,United Kingdom
21042,Germany
21043,Germany
21044,Bangladesh
21045,United Kingdom
21046,United Kingdom
21047,United Kingdom
21048,Netherlands
21049,United Kingdom
21050,United Kingdom
21051,Spain
21052,France
21053,United Kingdom
21054,United Kingdom
21055,United Kingdom
21056,Australia
21057,Germany
21058,United Kingdom
21059,United Kingdom
21060,United Kingdom
21061,Germany
21062,Germany
21063,India
21064,United Kingdom
21065,United Kingdom
21066,Germany
21067,Australia
21068,EIRE
21069,United Kingdom
21070,Netherlands
21071,United Kingdom
21072,India
21073,United Kingdom
21074,United Kingdom
21075,Belgium
21076,United Kingdom
21077,Belgium
21078,Germany
21079,United Kingdom
21080,United Kingdom
21081,Spain
21082,United Kingdom
21083,India
21084,Australia
21085,United Kingdom
21086,United Kingdom
21087,Australia
21088,United Kingdom
21089,United Kingdom
21090,United Kingdom
21091,United Kingdom
21092,United Kingdom
21093,France
21094,United States
21095,Netherlands
21096,United Kingdom
21097,United Kingdom
21098,United Kingdom
21099,UAE
21100,United Kingdom
21101,United Kingdom
21102,United States
21103,United Kingdom
21104,United Kingdom
21105,Germany
21106,United Kingdom
21107,Bangladesh
21108,United Kingdom
21109,United Kingdom
21110,United Kingdom
21111,EIRE
21112,United Kingdom
21113,United States
21114,United States
21115,Bangladesh
21116,United Kingdom
21117,United Kingdom
21118,United Kingdom
21119,India
21120,Spain
21121,United Kingdom
21122,EIRE
21123,United States
21124,India
21125,EIRE
21126,Australia
21127,Belgium
21128,United Kingdom
21129,United Kingdom
21130,EIRE
21131,United Kingdom
21132,United Kingdom
21133,Other
21134,Germany
21135,United Kingdom
21136,Bangladesh
21137,United Kingdom
21138,Other
21139,United States
21140,United Kingdom
21141,United Kingdom
21142,United Kingdom
21143,United States
21144,United Kingdom
21145,United Kingdom
21146,United States
21147,Germany
21148,France
21149,EIRE
21150,United Kingdom
21151,United Kingdom
21152,United Kingdom
21153,United Kingdom
21154,United Kingdom
21155,EIRE
21156,France
21157,Germany
21158,United Kingdom
21159,United Kingdom
21160,United States
21161,United Kingdom
21162,United Kingdom
21163,United Kingdom
21164,Bangladesh
21165,United Kingdom
21166,United Kingdom
21167,United Kingdom
21168,EIRE
21169,Bangladesh
21170,EIRE
21171,United Kingdom
21172,United Kingdom
21173,EIRE
21174,UAE
21175,United Kingdom
21176,Spain
21177,United Kingdom
21178,United Kingdom
21179,United Kingdom
21180,Germany
21181,UAE
21182,France
21183,United Kingdom
21184,EIRE
21185,United Kingdom
21186,United Kingdom
21187,United Kingdom
21188,United Kingdom
21189,United Kingdom
21190,United Kingdom
21191,United Kingdom
21192,United Kingdom
21193,United Kingdom
21194,Belgium
21195,Belgium
21196,United Kingdom
21197,Germany
21198,United States
21199,United Kingdom
21200,Germany
21201,United Kingdom
21202,France
21203,India
21204,United Kingdom
21205,India
21206,France
21207,Netherlands
21208,France
21209,Australia
21210,United Kingdom
21211,EIRE
21212,United Kingdom
21213,United Kingdom
21214,France
21215,United Kingdom
21216,United Kingdom
21217,Netherlands
21218,Netherlands
21219,France
21220,United Kingdom
21221,France
21222,United Kingdom
21223,France
21224,Germany
21225,Germany
21226,United Kingdom
21227,United Kingdom
21228,EIRE
21229,United Kingdom
21230,EIRE
21231,United Kingdom
21232,United Kingdom
21233,United Kingdom
21234,Germany
21235,Bangladesh
21236,Australia
21237,United Kingdom
21238,Spain
21239,United Kingdom
21240,France
21241,United Kingdom
21242,United Kingdom
21243,United Kingdom
21244,United Kingdom
21245,France
21246,France
21247,France
21248,United Kingdom
21249,France
21250,United Kingdom
21251,Germany
21252,United Kingdom
21253,Germany
21254,United Kingdom
21255,United Kingdom
21256,United Kingdom
21257,United Kingdom
21258,United Kingdom
21259,France
21260,United States
21261,United Kingdom
21262,United Kingdom
21263,Germany
21264,United Kingdom
21265,United States
21266,United Kingdom
21267,United Kingdom
21268,United Kingdom
21269,United Kingdom
21270,United Kingdom
21271,United Kingdom
21272,EIRE
21273,UAE
21274,United Kingdom
21275,Netherlands
21276,United Kingdom
21277,Germany
21278,United Kingdom
21279,United Kingdom
21280,Netherlands
21281,EIRE
21282,United Kingdom
21283,United Kingdom
21284,Netherlands
21285,Other
21286,Germany
21287,Australia
21288,UAE
21289,EIRE
21290,France
21291,United Kingdom
21292,United Kingdom
21293,Germany
21294,Bangladesh
21295,United Kingdom
21296,United Kingdom
21297,United Kingdom
21298,France
21299,United Kingdom
21300,Netherlands
21301,United Kingdom
21302,France
21303,France
21304,United Kingdom
21305,United Kingdom
21306,United Kingdom
21307,EIRE
21308,United Kingdom
21309,United Kingdom
21310,United Kingdom
21311,United Kingdom
21312,Netherlands
21313,Netherlands
21314,Bangladesh
21315,Belgium
21316,France
21317,United Kingdom
21318,Netherlands
21319,EIRE
21320,EIRE
21321,France
21322,Belgium
21323,United Kingdom
21324,France
21325,United Kingdom
21326,United Kingdom
21327,United Kingdom
21328,United Kingdom
21329,United Kingdom
21330,United Kingdom
21331,United Kingdom
21332,Belgium
21333,France
21334,France
21335,UAE
21336,United Kingdom
21337,United Kingdom
21338,United Kingdom
21339,United Kingdom
21340,India
21341,United Kingdom
21342,Spain
21343,Australia
21344,United Kingdom
21345,Netherlands
21346,United Kingdom
21347,United Kingdom
21348,United Kingdom
21349,United Kingdom
21350,United Kingdom
21351,United Kingdom
21352,UAE
21353,United Kingdom
21354,United Kingdom
21355,Bangladesh
21356,United Kingdom
21357,India
21358,Belgium
21359,France
21360,United Kingdom
21361,United Kingdom
21362,United Kingdom
21363,United Kingdom
21364,United Kingdom
21365,United Kingdom
21366,Bangladesh
21367,United Kingdom
21368,Other
21369,EIRE
21370,United Kingdom
21371,Germany
21372,United Kingdom
21373,United Kingdom
21374,Bangladesh
21375,United Kingdom
21376,United Kingdom
21377,United Kingdom
21378,France
21379,United Kingdom
21380,United Kingdom
21381,EIRE
21382,United Kingdom
21383,Spain
21384,United Kingdom
21385,United Kingdom
21386,United Kingdom
21387,France
21388,Other
21389,Netherlands
21390,United Kingdom
21391,United Kingdom
21392,United Kingdom
21393,United Kingdom
21394,United Kingdom
21395,United Kingdom
21396,India
21397,EIRE
21398,Belgium
21399,France
21400,United Kingdom
21401,United Kingdom
21402,United Kingdom
21403,United Kingdom
21404,United Kingdom
21405,Spain
21406,United Kingdom
21407,United Kingdom
21408,United Kingdom
21409,France
21410,France
21411,EIRE
21412,United Kingdom
21413,United Kingdom
21414,United Kingdom
21415,United Kingdom
21416,Spain
21417,Other
21418,France
21419,United Kingdom
21420,United Kingdom
21421,Netherlands
21422,Bangladesh
21423,Germany
21424,United Kingdom
21425,United Kingdom
21426,France
21427,Australia
21428,United Kingdom
21429,United Kingdom
21430,United Kingdom
21431,United Kingdom
21432,Belgium
21433,Germany
21434,Other
21435,United Kingdom
21436,United Kingdom
21437,Netherlands
21438,France
21439,United Kingdom
21440,United Kingdom
21441,France
21442,France
21443,United Kingdom
21444,United Kingdom
21445,India
21446,United Kingdom
21447,EIRE
21448,United Kingdom
21449,United Kingdom
21450,United Kingdom
21451,United Kingdom
21452,United Kingdom
21453,United Kingdom
21454,United Kingdom
21455,United Kingdom
21456,United Kingdom
21457,Netherlands
21458,United Kingdom
21459,United Kingdom
21460,Netherlands
21461,United Kingdom
21462,United Kingdom
21463,United Kingdom
21464,United Kingdom
21465,United Kingdom
21466,Belgium
21467,Netherlands
21468,United Kingdom
21469,United Kingdom
21470,Australia
21471,United Kingdom
21472,France
21473,Belgium
21474,Netherlands
21475,Australia
21476,United Kingdom
21477,Belgium
21478,United Kingdom
21479,United Kingdom
21480,United Kingdom
21481,United Kingdom
21482,Spain
21483,Belgium
21484,United Kingdom
21485,United Kingdom
21486,United Kingdom
21487,United Kingdom
21488,India
21489,Bangladesh
21490,India
21491,EIRE
21492,France
21493,United Kingdom
21494,United Kingdom
21495,United Kingdom
21496,Belgium
21497,United Kingdom
21498,United Kingdom
21499,United Kingdom
21500,United Kingdom
21501,EIRE
21502,United Kingdom
21503,United Kingdom
21504,United States
21505,Belgium
21506,Germany
21507,Germany
21508,United Kingdom
21509,Australia
21510,Spain
21511,United Kingdom
21512,United Kingdom
21513,United Kingdom
21514,United Kingdom
21515,United Kingdom
21516,United Kingdom
21517,United Kingdom
21518,United Kingdom
21519,United Kingdom
21520,United Kingdom
21521,United Kingdom
21522,United Kingdom
21523,Germany
21524,United Kingdom
21525,United Kingdom
21526,Netherlands
21527,United Kingdom
21528,United Kingdom
21529,EIRE
21530,Spain
21531,Belgium
21532,Netherlands
21533,France
21534,EIRE
21535,United Kingdom
21536,France
21537,United Kingdom
21538,United Kingdom
21539,United Kingdom
21540,United Kingdom
21541,United Kingdom
21542,France
21543,EIRE
21544,Spain
21545,United Kingdom
21546,France
21547,Belgium
21548,United Kingdom
21549,United Kingdom
21550,United Kingdom
21551,United Kingdom
21552,United Kingdom
21553,United Kingdom
21554,United Kingdom
21555,France
21556,United Kingdom
21557,France
21558,United Kingdom
21559,EIRE
21560,EIRE
21561,EIRE
21562,United Kingdom
21563,Bangladesh
21564,Germany
21565,United Kingdom
21566,United Kingdom
21567,United Kingdom
21568,United Kingdom
21569,United Kingdom
21570,United Kingdom
21571,United Kingdom
21572,Spain
21573,United Kingdom
21574,United Kingdom
21575,United Kingdom
21576,United Kingdom
21577,United Kingdom
21578,UAE
21579,United Kingdom
21580,United Kingdom
21581,United Kingdom
21582,United Kingdom
21583,United States
21584,Bangladesh
21585,United Kingdom
21586,United Kingdom
21587,United Kingdom
21588,United Kingdom
21589,France
21590,Spain
21591,Spain
21592,France
21593,United Kingdom
21594,United Kingdom
21595,United Kingdom
21596,EIRE
21597,United Kingdom
21598,United Kingdom
21599,Belgium
21600,United Kingdom
21601,United Kingdom
21602,United Kingdom
21603,Other
21604,United Kingdom
21605,United Kingdom
21606,United Kingdom
21607,France
21608,United Kingdom
21609,Belgium
21610,United Kingdom
21611,EIRE
21612,United Kingdom
21613,Australia
21614,United Kingdom
21615,EIRE
21616,Belgium
21617,United Kingdom
21618,United Kingdom
21619,Germany
21620,United Kingdom
21621,United Kingdom
21622,Spain
21623,United Kingdom
21624,United Kingdom
21625,United Kingdom
21626,United Kingdom
21627,United Kingdom
21628,United Kingdom
21629,United Kingdom
21630,United Kingdom
21631,United Kingdom
21632,Spain
21633,United Kingdom
21634,United Kingdom
21635,United Kingdom
21636,United Kingdom
21637,United Kingdom
21638,United Kingdom
21639,United Kingdom
21640,France
21641,UAE
21642,Belgium
21643,United Kingdom
21644,United Kingdom
21645,United Kingdom
21646,United Kingdom
21647,India
21648,United Kingdom
21649,United Kingdom
21650,France
21651,Germany
21652,United Kingdom
21653,Bangladesh
21654,United Kingdom
21655,Germany
21656,United Kingdom
21657,United States
21658,United Kingdom
21659,United Kingdom
21660,Australia
21661,Bangladesh
21662,United States
21663,Netherlands
21664,United Kingdom
21665,United Kingdom
21666,United Kingdom
21667,United Kingdom
21668,India
21669,United Kingdom
21670,United Kingdom
21671,United Kingdom
21672,United Kingdom
21673,United Kingdom
21674,United Kingdom
21675,United States
21676,France
21677,United Kingdom
21678,Belgium
21679,Netherlands
21680,United Kingdom
21681,Belgium
21682,Bangladesh
21683,Germany
21684,United Kingdom
21685,United States
21686,Bangladesh
21687,United Kingdom
21688,United Kingdom
21689,Australia
21690,France
21691,United Kingdom
21692,Germany
21693,United Kingdom
21694,United States
21695,United Kingdom
21696,United Kingdom
21697,United Kingdom
21698,United Kingdom
21699,UAE
21700,United Kingdom
21701,United Kingdom
21702,UAE
21703,United Kingdom
21704,United Kingdom
21705,Netherlands
21706,United Kingdom
21707,Bangladesh
21708,Belgium
21709,United Kingdom
21710,Germany
21711,Germany
21712,France
21713,United Kingdom
21714,United Kingdom
21715,United Kingdom
21716,United Kingdom
21717,United Kingdom
21718,United States
21719,Australia
21720,United Kingdom
21721,France
21722,United Kingdom
21723,United Kingdom
21724,United Kingdom
21725,India
21726,United Kingdom
21727,Germany
21728,Bangladesh
21729,United Kingdom
21730,Netherlands
21731,United Kingdom
21732,EIRE
21733,Netherlands
21734,Belgium
21735,UAE
21736,EIRE
21737,UAE
21738,United Kingdom
21739,United Kingdom
21740,United Kingdom
21741,United Kingdom
21742,United Kingdom
21743,EIRE
21744,Spain
21745,United Kingdom
21746,Bangladesh
21747,United Kingdom
21748,United Kingdom
21749,Belgium
21750,United States
21751,EIRE
21752,United Kingdom
21753,United Kingdom
21754,Belgium
21755,United Kingdom
21756,Netherlands
21757,Spain
21758,United Kingdom
21759,United States
21760,United Kingdom
21761,EIRE
21762,France
21763,United Kingdom
21764,United Kingdom
21765,Germany
21766,United Kingdom
21767,United Kingdom
21768,Other
21769,India
21770,United Kingdom
21771,Bangladesh
21772,United Kingdom
21773,United Kingdom
21774,Netherlands
21775,United Kingdom
21776,EIRE
21777,Netherlands
21778,United Kingdom
21779,United Kingdom
21780,Netherlands
21781,France
21782,United States
21783,United Kingdom
21784,Spain
21785,Australia
21786,United Kingdom
21787,United Kingdom
21788,United Kingdom
21789,United Kingdom
21790,United Kingdom
21791,United Kingdom
21792,United Kingdom
21793,Spain
21794,United Kingdom
21795,Germany
21796,United Kingdom
21797,United Kingdom
21798,Spain
21799,United Kingdom
21800,Germany
21801,United Kingdom
21802,Germany
21803,United States
21804,United Kingdom
21805,United Kingdom
21806,France
21807,United Kingdom
21808,India
21809,United Kingdom
21810,United Kingdom
21811,Spain
21812,Netherlands
21813,France
21814,United States
21815,United Kingdom
21816,United Kingdom
21817,EIRE
21818,United States
21819,France
21820,Germany
21821,United Kingdom
21822,Germany
21823,Germany
21824,United States
21825,Netherlands
21826,EIRE
21827,Bangladesh
21828,United Kingdom
21829,Spain
21830,United Kingdom
21831,Spain
21832,United Kingdom
21833,United Kingdom
21834,Netherlands
21835,United Kingdom
21836,United Kingdom
21837,United Kingdom
21838,Belgium
21839,United Kingdom
21840,Netherlands
21841,United Kingdom
21842,United Kingdom
21843,Germany
21844,France
21845,Australia
21846,Australia
21847,United Kingdom
21848,EIRE
21849,France
21850,United Kingdom
21851,Spain
21852,United States
21853,United Kingdom
21854,United States
21855,United Kingdom
21856,United Kingdom
21857,Spain
21858,United Kingdom
21859,Germany
21860,United Kingdom
21861,United Kingdom
21862,Spain
21863,EIRE
21864,United Kingdom
21865,United Kingdom
21866,Netherlands
21867,United States
21868,Australia
21869,United Kingdom
21870,United Kingdom
21871,United Kingdom
21872,United Kingdom
21873,United Kingdom
21874,United Kingdom
21875,United Kingdom
21876,United Kingdom
21877,United Kingdom
21878,United Kingdom
21879,France
21880,France
21881,UAE
21882,Australia
21883,France
21884,United States
21885,United Kingdom
21886,Netherlands
21887,United Kingdom
21888,United Kingdom
21889,UAE
21890,Germany
21891,United Kingdom
21892,Spain
21893,United Kingdom
21894,Belgium
21895,United Kingdom
21896,United Kingdom
21897,United Kingdom
21898,United Kingdom
21899,Bangladesh
21900,United Kingdom
21901,United Kingdom
21902,Germany
21903,EIRE
21904,Spain
21905,United Kingdom
21906,United Kingdom
21907,Belgium
21908,United Kingdom
21909,United Kingdom
21910,United Kingdom
21911,United Kingdom
21912,Bangladesh
21913,EIRE
21914,Germany
21915,United Kingdom
21916,France
21917,Germany
21918,United Kingdom
21919,United Kingdom
21920,United Kingdom
21921,Spain
21922,France
21923,Netherlands
21924,United Kingdom
21925,United States
21926,United Kingdom
21927,Bangladesh
21928,Germany
21929,United Kingdom
21930,Netherlands
21931,Germany
21932,France
21933,United Kingdom
21934,Germany
21935,United Kingdom
21936,United Kingdom
21937,United Kingdom
21938,United Kingdom
21939,United Kingdom
21940,Spain
21941,United Kingdom
21942,United Kingdom
21943,Other
21944,United Kingdom
21945,United Kingdom
21946,United Kingdom
21947,United Kingdom
21948,United Kingdom
21949,Spain
21950,United Kingdom
21951,Belgium
21952,Other
21953,Germany
21954,United Kingdom
21955,United Kingdom
21956,United Kingdom
21957,United Kingdom
21958,Belgium
21959,United Kingdom
21960,Spain
21961,France
21962,United Kingdom
21963,United Kingdom
21964,EIRE
21965,France
21966,United Kingdom
21967,Australia
21968,United Kingdom
21969,United Kingdom
21970,United Kingdom
21971,France
21972,United Kingdom
21973,United Kingdom
21974,Spain
21975,United Kingdom
21976,France
21977,EIRE
21978,Germany
21979,United Kingdom
21980,France
21981,United Kingdom
21982,United Kingdom
21983,United Kingdom
21984,United Kingdom
21985,United Kingdom
21986,France
21987,EIRE
21988,United Kingdom
21989,United Kingdom
21990,United Kingdom
21991,United Kingdom
21992,Germany
21993,Bangladesh
21994,United Kingdom
21995,United States
21996,Other
21997,United Kingdom
21998,EIRE
21999,Netherlands
22000,France
